provider,score
qwen2.5:3b,64.44444444444444
llama3.2:3b,61.852222222222224
granite3.1-dense:2b,56.29666666666667
BitNet-b1.58-2B-4T,45.55555555555556
qwen2.5:1.5b,42.59222222222222
smollm2:1.7b-instruct-q4_K_M,33.70333333333333
llama3.2:1b-instruct-q4_K_M,33.333333333333336
gemma3:1b,32.22222222222222
